<?xml version='1.0' encoding='utf-8'?>
<!DOCTYPE hibernate-configuration PUBLIC
"-//Hibernate/Hibernate Configuration DTD 3.0//EN"
"http://www.hibernate.org/dtd/hibernate-configuration-3.0.dtd">
<hibernate-configuration>
	<session-factory>
		<!-- Database connection settings -->
		<property name="connection.driver_class">com.mysql.jdbc.Driver</property>
		<property name="connection.url">jdbc:mysql://localhost:3306/hibernatesamples</property>
		<property name="connection.username">root</property>
		<property name="connection.password">Achu@952628</property>
		
		<property name="hibernate.format_sql">true</property>
		
		<property name="hbm2ddl.auto">create</property>

		<mapping class="com.ecommerce.EProduct" />
	</session-factory>
</hibernate-configuration>