<?xml version="1.0" encoding="UTF-8"?>
<!DOCTYPE suite SYSTEM "https://testng.org/testng-1.0.dtd">
<suite name="Suite">
  <test thread-count="5" name="Test">
   <classes>
     <class name="com.test.HomepageAndLoadTime"/>      
     <class name="com.test.SearchProduct"/>      
     <class name="com.test.ImageLoadScreenHeight"/>
     <class name="com.test.CheckScroll"/>
     <class name="com.test.PageRefresh"/>        
     <class name="com.test.Verifyimageload"/>  
     <class name="com.test.navigatebottom"/>
     <class name="com.test.DiffScreenResolution"/>    
    </classes>
  </test> <!-- Test -->
</suite> <!-- Suite -->
